日期,景点,经度_WGS84,纬度_WGS84,来源,原始坐标系
2026-10-11,西湖公园西门,119.281757,26.093558,https://www.amap.com/place/B024F04W4U,GCJ-02→WGS84
2026-10-11,三坊七巷·南后街,119.2919836,26.0850946,https://www.openstreetmap.org/search?query=三坊七巷,WGS84
2026-10-11,林则徐纪念馆,119.292473,26.081472,https://www.amap.com/place/B024F03N1D,GCJ-02→WGS84
2026-10-12,鼓山景区入口,119.370679,26.056175,https://www.amap.com/place/B024F05OS5,GCJ-02→WGS84
2026-10-12,涌泉寺,119.3905827,26.058507,https://www.openstreetmap.org/search?query=福州涌泉寺,WGS84
2026-10-13,烟台山商业漫步街区·仓前路,119.307158,26.0476929,https://www.openstreetmap.org/search?query=福州烟台山商业漫步街区,WGS84
2026-10-13,石厝教堂·乐群路,119.307068,26.0461847,https://www.openstreetmap.org/search?query=福州石厝教堂,WGS84
2026-10-13,烟台山公园,119.3108953,26.0481449,https://www.amap.com/place/B024F05AB8,WGS84
2026-10-14,三丘田码头,118.0647051,24.452845,https://www.amap.com/place/B02500T5B2,WGS84
2026-10-14,龙头路街区,118.0671644,24.4472733,https://www.openstreetmap.org/search?query=鼓浪屿龙头路,WGS84
2026-10-14,菽庄花园,118.0645104,24.4416744,https://www.amap.com/place/B0250043TN,WGS84
2026-10-15,植物园西门·游客中心,118.09083,24.45344,https://www.xiamenbg.cn/Home/yyzn4,WGS84
2026-10-15,雨林世界,118.1025,24.4508,https://www.xiamenbg.cn/Home/chIndex,WGS84
2026-10-15,多肉植物区,118.0961126,24.4522649,https://www.amap.com/place/B0FFHWRJAI,WGS84
2026-10-16,南普陀寺,118.0915032,24.4432578,https://www.amap.com/place/B025003QZU,WGS84
2026-10-16,沙坡尾避风坞·沿岸步道,118.0829431,24.4398901,https://map.baidu.com/mobile/webapp/search/search/qt%3Ds%26wd%3D%E5%8E%A6%E9%97%A8%E6%B2%99%E5%9D%A1%E5%B0%BE%E8%89%BA%E6%9C%AF%E8%A5%BF%E5%8C%BA/,WGS84
2026-10-16,演武大桥观景平台,118.085288,24.435943,https://www.amap.com/place/B0FFH1VLKT,GCJ-02→WGS84
2026-10-17,胡里山炮台,118.1015818,24.4315407,https://www.amap.com/place/B025000BC5,WGS84
2026-10-17,白城沙滩·东侧,118.0996332,24.4332909,https://www.amap.com/place/B0FFF0DUAW,WGS84
2026-10-17,环岛路·音乐广场,118.124586,24.426381,https://www.amap.com/place/B025004EDQ,GCJ-02→WGS84
2026-10-17,环岛路·黄厝海滩,118.157036,24.445324,https://www.amap.com/place/B0FFGA8JPX,GCJ-02→WGS84
2026-10-18,八市·第八市场,118.0697108,24.4609565,https://www.openstreetmap.org/search?query=厦门第八市场,WGS84
2026-10-18,龙舟池南岸·鳌园路,118.093197,24.567963,https://www.amap.com/place/B02500442P,GCJ-02→WGS84
2026-10-18,集美中学外观·嘉庚建筑,118.0957309,24.5695921,https://www.openstreetmap.org/search?query=集美中学,WGS84
2026-10-18,鳌园·嘉庚公园海滨,118.102468,24.567676,https://www.amap.com/place/B02500UAQ0,GCJ-02→WGS84
2026-10-19,厦门北站（示意）,118.0686353,24.6397375,https://www.openstreetmap.org/search?query=厦门北站,WGS84
2026-10-19,汕头站,116.7524295,23.3746875,https://www.openstreetmap.org/search?query=汕头站,WGS84
2026-10-20,小公园中山纪念亭,116.6694518,23.3578525,https://www.openstreetmap.org/search?query=汕头小公园中山纪念亭,WGS84
2026-10-20,老妈宫·升平路,116.6708631,23.3573007,https://www.wikidata.org/wiki/Q11133520,WGS84
2026-10-20,镇邦路老城街区,116.6653903,23.3530902,https://www.openstreetmap.org/search?query=汕头镇邦路,WGS84
2026-10-21,长山尾·启航广场,116.9415092,23.4343282,https://www.shantou.gov.cn/cnst/ywdt/tpxw/content/post_2380549.html,WGS84
2026-10-21,后宅镇·午饭,117.0204843,23.4202672,https://www.openstreetmap.org/search?query=南澳后宅镇,WGS84
2026-10-21,青澳湾·北回归线广场,117.1317698,23.4443911,https://zhuanti.mct.gov.cn/rxhmxjgn2022/beijing/detail_g7yU_504/3432.html,WGS84
2026-10-21,走马埔北线观海点,117.05341,23.4713,https://www.openstreetmap.org/search?query=南澳走马埔村,WGS84
2026-10-22,西堤码头,116.6652915,23.3502121,https://www.openstreetmap.org/search?query=汕头西堤码头,WGS84
2026-10-22,礐石码头,116.6721642,23.3429766,https://www.openstreetmap.org/search?query=汕头礐石码头,WGS84
2026-10-22,潮汕历史文化博览中心·北门,116.711295,23.324769,https://www.amap.com/place/B0LDYUZLIM,GCJ-02→WGS84
2026-10-22,礐石风景区·塔山景区,116.6741898,23.3346153,https://www.openstreetmap.org/search?query=礐石风景名胜区,WGS84
